<?xml version="1.0" encoding="UTF-8" standalone="yes"?>
<ViewerState version="106">
 <features>
  <name>absolute_time_attribute</name>
  <name>diagram_order</name>
  <name>text_free_position</name>
  <name>diagram_meta_data</name>
  <name>diagram_labels</name>
  <name>axis_order</name>
 </features>
 <objects>
  <diagram number="0" type="D2DN">
   <cursors>
    <cursor curvelock="0" fixed="0" grname="1" id="0" interact="1" marker="0" name="DMST" nonativeof="0" shape="point">
     <position index="0" step="0"/>
    </cursor>
   </cursors>
   <attributes>
    <xscales>
     <item number="0">
      <scale abstime="off" dmax="4.99998960781586" dmin="9.99989607810974E-1" nthoct="3" prefix="Auto" scaletype="lin" scaletype_auto="1" visible="1">
       <axis axismode="startstop" axisorder="increasing" spread="2.12720697723889E-1" spread_auto="1" start="1.0" start_auto="1" stop="5.0" stop_auto="1"/>
       <scale raster="1.0" raster_auto="1" start="1.0" start_auto="1" stop="5.0" stop_auto="1"/>
      </scale>
     </item>
    </xscales>
    <yscales>
     <item number="0">
      <scale abstime="off" dmax="1.84939980853222" dmin="-2.20263120801849" nthoct="3" prefix="Auto" scaletype="lin" scaletype_auto="1" visible="1">
       <axis axismode="startstop" axisorder="increasing" spread="8.97827258035554E-1" spread_auto="1" start="-3.0" start_auto="1" stop="2.0" stop_auto="1"/>
       <scale raster="1.0" raster_auto="1" start="-3.0" start_auto="1" stop="2.0" stop_auto="1"/>
      </scale>
     </item>
    </yscales>
    <zscales/>
   </attributes>
   <diagram_meta_data>
    <axes>
     <axis_meta_data dir="x">
      <quantity name="Time">
       <unit name="1s"/>
      </quantity>
     </axis_meta_data>
     <axis_meta_data dir="y">
      <quantity name="Sound Pressure">
       <unit dbref="2.0E-5" name="1Pa"/>
      </quantity>
     </axis_meta_data>
     <axis_meta_data dir="z">
      <quantity>
       <unit dbref="-1.0" name="1"/>
      </quantity>
     </axis_meta_data>
    </axes>
   </diagram_meta_data>
   <legendlabel/>
  </diagram>
  <diagram number="1" type="D3DC">
   <cursors/>
   <attributes>
    <xscales>
     <item number="0">
      <scale abstime="off" dmax="1.875146484375E4" dmin="-1.46484375" nthoct="3" prefix="Auto" scaletype="lin" scaletype_auto="0" visible="1">
       <axis axismode="startstop" axisorder="increasing" spread="9.83467390503781E1" spread_auto="1" start="-1.46484375" start_auto="1" stop="1.0E3" stop_auto="0"/>
       <scale raster="1.0E2" raster_auto="1" start="-1.0E2" start_auto="1" stop="1.0E3" stop_auto="1"/>
      </scale>
     </item>
    </xscales>
    <yscales>
     <item number="0">
      <scale abstime="off" dmax="3.23652750067605E-1" dmin="8.15746829598509E-8" nthoct="3" prefix="Auto" scaletype="dB" scaletype_auto="0" visible="1">
       <axis axismode="startstop" axisorder="increasing" spread="1.47574248293673E1" spread_auto="1" start="1.0E1" start_auto="1" stop="9.0E1" stop_auto="1"/>
       <scale raster="5.71428571428572" raster_auto="1" start="1.0E1" start_auto="1" stop="9.0E1" stop_auto="1"/>
      </scale>
     </item>
    </yscales>
    <zscales>
     <item number="0">
      <scale abstime="off" dmax="5.12500000000001" dmin="8.75E-1" nthoct="3" prefix="Auto" scaletype="lin" scaletype_auto="0" visible="1">
       <axis axismode="startstop" axisorder="increasing" spread="7.83988194060137E-1" spread_auto="1" start="8.75E-1" start_auto="1" stop="5.12500000000001" stop_auto="1"/>
       <scale raster="1.0" raster_auto="1" start="0.0" start_auto="1" stop="6.0" stop_auto="1"/>
      </scale>
     </item>
    </zscales>
   </attributes>
   <diagram_meta_data>
    <axes>
     <axis_meta_data dir="x">
      <quantity name="Frequency">
       <unit name="1Hz"/>
      </quantity>
     </axis_meta_data>
     <axis_meta_data dir="y">
      <quantity name="Sound Pressure">
       <unit dbref="2.0E-5" name="1Pa"/>
      </quantity>
     </axis_meta_data>
     <axis_meta_data dir="z">
      <quantity name="Time">
       <unit name="1s"/>
      </quantity>
     </axis_meta_data>
    </axes>
   </diagram_meta_data>
   <legendlabel/>
  </diagram>
  <diagram number="2" type="D3DC">
   <cursors/>
   <attributes>
    <xscales>
     <item number="0">
      <scale abstime="off" dmax="1.87514648437271E4" dmin="-1.46484374999821" nthoct="3" prefix="Auto" scaletype="lin" scaletype_auto="0" visible="1">
       <axis axismode="startstop" axisorder="increasing" spread="9.83467390503779E1" spread_auto="1" start="-1.46484374999821" start_auto="1" stop="1.0E3" stop_auto="0"/>
       <scale raster="1.0E2" raster_auto="1" start="-1.0E2" start_auto="1" stop="1.0E3" stop_auto="1"/>
      </scale>
     </item>
    </xscales>
    <yscales>
     <item number="0">
      <scale abstime="off" dmax="6.26983404171105E-1" dmin="1.7999373064412E-7" nthoct="3" prefix="Auto" scaletype="dB" scaletype_auto="0" visible="1">
       <axis axismode="startstop" axisorder="increasing" spread="1.47574248293673E1" spread_auto="1" start="1.0E1" start_auto="1" stop="9.0E1" stop_auto="1"/>
       <scale raster="5.71428571428572" raster_auto="1" start="1.0E1" start_auto="1" stop="9.0E1" stop_auto="1"/>
      </scale>
     </item>
    </yscales>
    <zscales>
     <item number="0">
      <scale abstime="off" dmax="4.50000002447764" dmin="1.50000002447764" nthoct="3" prefix="Auto" scaletype="lin" scaletype_auto="0" visible="1">
       <axis axismode="startstop" axisorder="increasing" spread="5.53403431101273E-1" spread_auto="1" start="1.5" start_auto="1" stop="4.5" stop_auto="1"/>
       <scale raster="5.0E-1" raster_auto="1" start="1.5" start_auto="1" stop="4.5" stop_auto="1"/>
      </scale>
     </item>
    </zscales>
   </attributes>
   <diagram_meta_data>
    <axes>
     <axis_meta_data dir="x">
      <quantity name="Frequency">
       <unit name="1Hz"/>
      </quantity>
     </axis_meta_data>
     <axis_meta_data dir="y">
      <quantity name="Sound Pressure">
       <unit dbref="2.0E-5" name="1Pa"/>
      </quantity>
     </axis_meta_data>
     <axis_meta_data dir="z">
      <quantity name="Time">
       <unit name="1s"/>
      </quantity>
     </axis_meta_data>
    </axes>
   </diagram_meta_data>
   <legendlabel/>
  </diagram>
 </objects>
 <zoombar>
  <zoomstate mode="diagram"/>
 </zoombar>
 <viewerlabels/>
 <applications>
  <CursorApp diagram="0" id="0"/>
  <ChannelSelection>
   <groupwise value="0"/>
   <autoscale value="0"/>
   <Exceptions/>
  </ChannelSelection>
  <Ods OdsCursorStartMode="0"/>
 </applications>
</ViewerState>
